Date,log return
2010-01-05,0.0028994050748556432
2010-01-06,0.0007891706175895408
2010-01-07,0.004373755035201654
2010-01-08,0.00339840921720036
2010-01-11,0.0013906741312625925
2010-01-12,-0.009250528608075292
2010-01-13,0.0078598544768127
2010-01-14,0.002953319731827442
2010-01-15,-0.011339240933128103
2010-01-19,0.012292650546974926
2010-01-20,-0.009926794181867038
2010-01-21,-0.019797500310383853
2010-01-22,-0.021838249295216272
2010-01-25,0.005005169473269788
2010-01-26,-0.004731614828762609
2010-01-27,0.005094988031808967
2010-01-28,-0.012050609971272053
2010-01-29,-0.011268108009590883
2010-02-01,0.01566688560662044
2010-02-02,0.01244938057803946
2010-02-03,-0.005070041820367521
2010-02-04,-0.031066662920168575
2010-02-05,0.002151153319769783
2010-02-08,-0.0077849182802429695
2010-02-09,0.012910931250932123
2010-02-10,-0.0023270127785863792
2010-02-11,0.010196626430322375
2010-02-12,-0.00036888489013620074
2010-02-16,0.0156533622146231
2010-02-17,0.004440432179082521
2010-02-18,0.0063097338397835045
2010-02-19,0.0020645280582565206
2010-02-22,8.960341510366732e-05
2010-02-23,-0.012632034596078867
2010-02-24,0.009129010632264567
2010-02-25,-0.0008099841515303297
2010-02-26,0.0
2010-03-01,0.01048085098035223
2010-03-02,0.002580824725034958
2010-03-03,0.001509946759471248
2010-03-04,0.0027470561283777784
2010-03-05,0.014323370281244863
2010-03-08,0.00034876665516581085
2010-03-09,0.0011331698130678802
2010-03-10,0.004433216047765143
2010-03-11,0.004499549600584629
2010-03-12,-8.620347195265055e-05
2010-03-15,0.000604308758094696
2010-03-16,0.008078978856584484
2010-03-17,0.005633811976371916
2010-03-18,-0.00042571672237645686
2010-03-19,-0.0052080952539954595
2010-03-22,0.005378286088167705
2010-03-23,0.007211269852072988
2010-03-24,-0.004914838605158067
2010-03-25,-0.001818726047357444
2010-03-26,0.00042726325403386056
2010-03-29,0.005537348677205678
2010-03-30,0.000509299453019807
2010-03-31,-0.0036578582018487182
2010-04-01,0.007387100549620662
2010-04-05,0.008004459620721605
2010-04-06,0.0019282178152417728
2010-04-07,-0.005290800542214313
2010-04-08,0.003026684076625763
2010-04-09,0.0065269538667891425
2010-04-12,0.0019164060086458434
2010-04-13,0.0009150809894249434
2010-04-14,0.01083600419199815
2010-04-15,0.0010689244136772302
2010-04-16,-0.015654384409565125
2010-04-19,0.0033336401526273818
2010-04-20,0.009027992324411649
2010-04-21,-0.0018157275762318292
2010-04-22,0.0025577227083912746
2010-04-23,0.006324137766027249
2010-04-26,-0.0034446342764935522
2010-04-27,-0.023692951959197295
2010-04-28,0.0074592397816442
2010-04-29,0.012199964341265357
2010-04-30,-0.016551255050284652
2010-05-03,0.01266686566564168
2010-05-04,-0.023459713377929958
2010-05-05,-0.006207475420088038
2010-05-06,-0.034981903644244916
2010-05-07,-0.015490511344337321
2010-05-10,0.04431126703684907
2010-05-11,-0.0030082306532577263
2010-05-12,0.013764785146090475
2010-05-13,-0.011958664880330261
2010-05-14,-0.018123149361057855
2010-05-17,8.722331082378076e-05
2010-05-18,-0.013122418781902567
2010-05-19,-0.005868288601949878
2010-05-20,-0.03826526263115326
2010-05-21,0.013527936840860733
2010-05-24,-0.01223154936551385
2010-05-25,0.0008322567188203678
2010-05-26,-0.006492821170122731
2010-05-27,0.03349180305328936
2010-05-28,-0.012861195694190641
2010-06-01,-0.017100861229601527
2010-06-02,0.025814083942497845
2010-06-03,0.003428090941471673
2010-06-04,-0.03575423913861364
2010-06-07,-0.01211319907278341
2010-06-08,0.009496354667608564
2010-06-09,-0.005066109705927246
2010-06-10,0.02992769260229089
2010-06-11,0.004008173804899151
2010-06-14,-0.0010006337934349574
2010-06-15,0.02196326341436805
2010-06-16,-8.891924086018577e-05
2010-06-17,0.0017791324304798906
2010-06-18,0.000888582471383792
2010-06-21,-0.003023938152588279
2010-06-22,-0.016253153776442986
2010-06-23,-0.003498474232038973
2010-06-24,-0.016006154732616906
2010-06-25,0.003979526474021888
2010-06-28,-0.0036086916882966946
2010-06-29,-0.03106711245989935
2010-06-30,-0.010767011523188152
2010-07-01,-0.002419563810675207
2010-07-02,-0.0059281352985296465
2010-07-06,0.006315512581820393
2010-07-07,0.03099193175298165
2010-07-08,0.009624648522609469
2010-07-09,0.007227537756192781
2010-07-12,0.0010153164392505687
2010-07-13,0.01519501097317999
2010-07-14,-0.00036342203901984504
2010-07-15,0.0005449149132132902
2010-07-16,-0.02809289452224828
2010-07-19,0.006146402921489269
2010-07-20,0.010620006126994319
2010-07-21,-0.01266482829085902
2010-07-22,0.021626840051357732
2010-07-23,0.008521579571096005
2010-07-26,0.010774233540089106
2010-07-27,-0.0004466245662184676
2010-07-28,-0.006543291092994785
2010-07-29,-0.004868148236534253
2010-07-30,0.00027108870210046376
2010-08-02,0.0218042369519571
2010-08-03,-0.004873288844129853
2010-08-04,0.007168842866224878
2010-08-05,-0.0011471183151590125
2010-08-06,-0.004246813433457675
2010-08-09,0.005393931748616687
2010-08-10,-0.005039574094531041
2010-08-11,-0.028044371801597023
2010-08-12,-0.006401213310847531
2010-08-13,-0.0028482133520792985
2010-08-16,-0.0002762378321392589
2010-08-17,0.011984038543431552
2010-08-18,0.0017263613528122335
2010-08-19,-0.017028648113260658
2010-08-20,-0.003700483262449872
2010-08-23,-0.003713979448699334
2010-08-24,-0.014523623869510338
2010-08-25,0.003203738240006082
2010-08-26,-0.006512675987378813
2010-08-27,0.015224573543291875
2010-08-30,-0.014183302754983806
2010-08-31,0.0007564568421658535
2010-09-01,0.028331113397039864
2010-09-02,0.009419714414648617
2010-09-03,0.012932621994997007
2010-09-07,-0.010841228889817422
2010-09-08,0.0061577364319322925
2010-09-09,0.0047732198899659295
2010-09-10,0.005644537720379539
2010-09-13,0.010929210824710545
2010-09-14,-0.0007961129478992746
2010-09-15,0.003707816733426128
2010-09-16,-0.0006170752061329665
2010-09-17,0.00017654771797204205
2010-09-20,0.015916501247831505
2010-09-21,-0.002432410449728195
2010-09-22,-0.004445370672283566
2010-09-23,-0.008245591428300614
2010-09-24,0.019611056179497766
2010-09-27,-0.004613957959803017
2010-09-28,0.00443998397001355
2010-09-29,-0.0025223669929843595
2010-09-30,-0.0029653562796632116
2010-10-01,0.004444788579113457
2010-10-04,-0.007506676754013952
2010-10-05,0.019521029400707768
2010-10-06,0.00017177845241800327
2010-10-07,-0.0009453006548341136
2010-10-08,0.0053171666174307575
2010-10-11,0.001110892505534089
2010-10-12,0.0030711363657802693
2010-10-13,0.007382478596960063
2010-10-14,-0.002539519045575034
2010-10-15,0.0011858965147863998
2010-10-18,0.004561303502802261
2010-10-19,-0.0130632684947658
2010-10-20,0.009348255999652721
2010-10-21,0.0025345160831866664
2010-10-22,0.002191064842555157
2010-10-25,0.0022706577600652977
2010-10-26,0.0006715642447225889
2010-10-27,-0.003026350084500251
2010-10-28,0.0007574417367814945
2010-10-29,0.000252482556768463
2010-11-01,0.0002524188254184878
2010-11-02,0.007956496410066016
2010-11-03,0.004411729652907148
2010-11-04,0.018352296511738864
2010-11-05,0.004231363190323911
2010-11-08,-0.0018693195806571694
2010-11-09,-0.007594818511350354
2010-11-10,0.004172090569394271
2010-11-11,-0.0036802919133211986
2010-11-12,-0.011951389125505862
2010-11-15,-0.0013274982893314302
2010-11-16,-0.01615447537602943
2010-11-17,0.0010119929083725054
2010-11-18,0.014644040979442607
2010-11-19,0.002240291534454819
2010-11-22,-0.0006631773263450214
2010-11-23,-0.014536546268241857
2010-11-24,0.014868223394454816
2010-11-26,-0.010920708885839403
2010-11-29,0.002260549197777628
2010-11-30,-0.006376265826824934
2010-12-01,0.02156523487691331
2010-12-02,0.012686751434404897
2010-12-03,0.0026804706519412136
2010-12-06,-0.0012174557143298514
2010-12-07,0.0007305651181228612
2010-12-08,0.0036454102897884866
2010-12-09,0.004517948469750621
2010-12-10,0.005618909552945084
2010-12-13,0.00031996508649978495
2010-12-14,0.001039934150321109
2010-12-15,-0.0044062828069204585
2010-12-16,0.005125347541093284
2010-12-17,0.0016760918808378378
2010-12-20,0.001991731718293366
2010-12-21,0.006188433520067704
2010-12-22,0.003552809781280253
2010-12-23,-0.001379023457452
2010-12-27,0.0005552365052787778
2010-12-28,0.0011088761611084408
2010-12-29,0.000949847055531805
2010-12-30,-0.0014248680615498444
2010-12-31,7.918432310294321e-05
2011-01-03,0.010009243747469476
2011-01-04,-0.0006275537817312937
2011-01-05,0.00508727825967803
2011-01-06,-0.0018753816109411403
2011-01-07,-0.0018005080398095785
2011-01-10,-0.0010191123389517998
2011-01-11,0.0033670808037227218
2011-01-12,0.009104705589210838
2011-01-13,-0.0013953054264854714
2011-01-14,0.006186675145720244
2011-01-18,0.00254082673660605
2011-01-19,-0.010124765827467463
2011-01-20,-0.0012435503127701253
2011-01-21,0.002175475549341499
2011-01-24,0.0058806719244524075
2011-01-25,-0.0001544018392314328
2011-01-26,0.004773263012729068
2011-01-27,0.00237757788396209
2011-01-28,-0.018402893447551527
2011-01-31,0.007851167239736334
2011-02-01,0.016053203314952746
2011-02-02,-0.0019832311605583186
2011-02-03,0.0020593988207791014
2011-02-04,0.002891057673600095
2011-02-07,0.006285791683281694
2011-02-08,0.004820183782448417
2011-02-09,-0.0025579721454409565
2011-02-10,0.00045189630261877056
2011-02-11,0.005855516553144646
2011-02-14,0.0023176530011115304
2011-02-15,-0.0030665188265492915
2011-02-16,0.006049296001760851
2011-02-17,0.0033443006437821055
2011-02-18,0.002075984601379588
2011-02-22,-0.020121182130572457
2011-02-23,-0.006290701023321077
2011-02-24,-0.0006087325039985103
2011-02-25,0.010143142172685415
2011-02-28,0.0063065344299930715
2011-03-01,-0.016449676602678487
2011-03-02,0.0015963012272059984
2011-03-03,0.017095901032917915
2011-03-04,-0.007194126885480934
2011-03-07,-0.007549640425044579
2011-03-08,0.008150811628231835
2011-03-09,-0.0012786114309877306
2011-03-10,-0.01845770582540851
2011-03-11,0.0074847488071023704
2011-03-14,-0.006718656330250816
2011-03-15,-0.011169707025746156
2011-03-16,-0.018924572430744746
2011-03-17,0.012552297305911786
2011-03-18,0.003968123146051106
2011-03-21,0.015334329939680202
2011-03-22,-0.0035238350909887473
2011-03-23,0.00275902031957731
2011-03-24,0.009672035408849311
2011-03-25,0.002957398864213978
2011-03-28,-0.0022037958273335434
2011-03-29,0.006748267283471776
2011-03-30,0.0065529055707767014
2011-03-31,-0.0014273897732559604
2011-04-01,0.004500776643510562
2011-04-04,0.0014211125557679338
2011-04-05,-0.0011218607775038691
2011-04-06,0.003287023601028949
2011-04-07,-0.0023145798455699307
2011-04-08,-0.003594720730046852
2011-04-11,-0.0029297410171729155
2011-04-12,-0.007703942211117365
2011-04-13,-7.591331465928164e-05
2011-04-14,0.0008336557118928667
2011-04-15,0.004309304154279658
2011-04-18,-0.01183823382809468
2011-04-19,0.005481187018114397
2011-04-20,0.01432164765937749
2011-04-21,0.004405926938472859
2011-04-25,-0.0007453313957546115
2011-04-26,0.00831621403406757
2011-04-27,0.006413400849841544
2011-04-28,0.0034471444145465213
2011-04-29,0.0027055601301952947
2011-05-02,-0.0015348816202953586
2011-05-03,-0.0039569636309453315
2011-05-04,-0.0067043197897014295
2011-05-05,-0.008537105024601921
2011-05-06,0.0035721327564131045
2011-05-09,0.004225216809216725
2011-05-10,0.008544839655310277
2011-05-11,-0.010395859276557395
2011-05-12,0.004363447454031721
2011-05-13,-0.007555135632784982
2011-05-16,-0.006414502550778245
2011-05-17,-0.0002247230969727454
2011-05-18,0.00908969647302893
2011-05-19,0.0019264974303778715
2011-05-20,-0.007429918524113788
2011-05-23,-0.01215516711489606
2011-05-24,-0.00037758198213744265
2011-05-25,0.0029409540475855422
2011-05-26,0.004882456589496265
2011-05-27,0.0040376055114590415
2011-05-31,0.00972890139097693
2011-06-01,-0.022269736262808593
2011-06-02,-0.001285371064684071
2011-06-03,-0.009732622963959159
2011-06-06,-0.010599726763820705
2011-06-07,-0.0009272750249813555
2011-06-08,-0.004104788357297551
2011-06-09,0.007499970256887423
2011-06-10,-0.013806371374244009
2011-06-13,0.0007807856837338534
2011-06-14,0.012486298886643432
2011-06-15,-0.01788561084372997
2011-06-16,0.0018031281609456329
2011-06-17,0.0032059028563269365
2011-06-20,0.005450164985854045
2011-06-21,0.013189794733062143
2011-06-22,-0.0060718217143405084
2011-06-23,-0.002753549709260561
2011-06-24,-0.011404527100821404
2011-06-27,0.008370858483075061
2011-06-28,0.012926054318456615
2011-06-29,0.009110409856083912
2011-06-30,0.009103424452924891
2011-07-01,0.014469673740332034
2011-07-05,-0.0003720516556873221
2011-07-06,0.0008928455919674505
2011-07-07,0.010949906114793961
2011-07-08,-0.007755937525508294
2011-07-11,-0.017655864895399276
2011-07-12,-0.00476638486819958
2011-07-13,0.0035578220034109265
2011-07-14,-0.006976463262848398
2011-07-15,0.005691107709161258
2011-07-18,-0.0086636679932246
2011-07-19,0.01657710438454174
2011-07-20,-0.0005255172047675671
2011-07-21,0.01357729398026386
2011-07-22,0.0006666687674723448
2011-07-25,-0.005271299365179338
2011-07-26,-0.0040276169773756365
2011-07-27,-0.02053857482804844
2011-07-28,-0.003056116878867421
2011-07-29,-0.006679996073631678
2011-08-01,-0.004710072910556917
2011-08-02,-0.02515902342089049
2011-08-03,0.0052248860076256065
2011-08-04,-0.04836808895973199
2011-08-05,-0.0019906164095235823
2011-08-08,-0.06696060072642318
2011-08-09,0.050213789255161956
2011-08-10,-0.050480426759994756
2011-08-11,0.04497700835313001
2011-08-12,0.006769248725938759
2011-08-15,0.020450704328274227
2011-08-16,-0.008463339409359172
2011-08-17,0.000999391011075268
2011-08-18,-0.04494740182133228
2011-08-19,-0.015177908250532113
2011-08-22,0.0
2011-08-23,0.03227055261933032
2011-08-24,0.014277551790529586
2011-08-25,-0.015733629833403207
2011-08-26,0.014973804200108631
2011-08-29,0.028060864377232875
2011-08-30,0.002050570935371532
2011-08-31,0.004904386118504966
2011-09-01,-0.010244789907145169
2011-09-02,-0.026461152565736334
2011-09-06,-0.007045680625318518
2011-09-07,0.02764082801122747
2011-09-08,-0.010244659399476497
2011-09-09,-0.027068851613263334
2011-09-12,0.006857594555850888
2011-09-13,0.008082903671804864
2011-09-14,0.013968299183693134
2011-09-15,0.017888739637911932
2011-09-16,0.005892475634229122
2011-09-19,-0.00975767432379726
2011-09-20,-0.0011543801704148038
2011-09-21,-0.03150920342679964
2011-09-22,-0.03104029846506151
2011-09-23,0.004730962623865409
2011-09-26,0.02439689817337154
2011-09-27,0.011257847816959377
2011-09-28,-0.020997382221859873
2011-09-29,0.008709753751019456
2011-09-30,-0.024158283693086702
2011-10-03,-0.03063423280977151
2011-10-04,0.02064501778421768
2011-10-05,0.019705259585440338
2011-10-06,0.018127307921621316
2011-10-07,-0.0071254929607267314
2011-10-10,0.03313163947213216
2011-10-11,0.0008330301071728385
2011-10-12,0.008210849067376458
2011-10-13,-0.0016533387042985126
2011-10-14,0.016980698238447722
2011-10-17,-0.01871956178162204
2011-10-18,0.019695248094021345
2011-10-19,-0.012675461803578258
2011-10-20,0.004761998590592675
2011-10-21,0.01818095163286415
2011-10-24,0.012945510002865035
2011-10-25,-0.019643760278096778
2011-10-26,0.010070482568715455
2011-10-27,0.03396570708551305
2011-10-28,-7.759763138448506e-05
2011-10-31,-0.02550643074387171
2011-11-01,-0.02690888884402476
2011-11-02,0.015637312948781457
2011-11-03,0.018084504426761683
2011-11-04,-0.00617731267425814
2011-11-07,0.006098450130652466
2011-11-08,0.012943728132517762
2011-11-09,-0.03756318762039346
2011-11-10,0.00966404420536815
2011-11-11,0.018502173471453887
2011-11-14,-0.009645208319598808
2011-11-15,0.005545540832847529
2011-11-16,-0.016729179522193327
2011-11-17,-0.016034302713368476
2011-11-18,-0.001307041533491038
2011-11-21,-0.018895717248851973
2011-11-22,-0.004006388692713081
2011-11-23,-0.02232640053954249
2011-11-25,-0.002483168313822226
2011-11-28,0.028732677206313006
2011-11-29,0.0035758115323183404
2011-11-30,0.040107758896190226
2011-12-01,-0.00031901001339029733
2011-12-02,-0.000159574775493887
2011-12-05,0.010239424252165286
2011-12-06,0.0005525481665893395
2011-12-07,0.0031522307860418763
2011-12-08,-0.02139160668807527
2011-12-09,0.01634339820859143
2011-12-12,-0.0144964797274163
2011-12-13,-0.009269251032432813
2011-12-14,-0.011074120646960672
2011-12-15,0.0037594748209288653
2011-12-16,0.0015485355224420516
2011-12-19,-0.01064442059756221
2011-12-20,0.029523505899072156
2011-12-21,0.0015973684694872148
2011-12-22,0.009986057996054676
2011-12-23,0.007917668041207193
2011-12-27,0.0006306578645780547
2011-12-28,-0.01213206576531789
2011-12-29,0.009448736508755218
2011-12-30,-0.004594061605656563
2012-01-03,0.016222183286329184
2012-01-04,0.0008589826235061437
2012-01-05,0.003272598219856704
2012-01-06,-0.002180608943302964
2012-01-09,0.0012464768175730612
2012-01-10,0.008991660712581506
2012-01-11,0.0007713111378091497
2012-01-12,0.0023875304185221324
2012-01-13,-0.003853420313887135
2012-01-17,0.0019286962749216485
2012-01-18,0.011113131420144029
2012-01-19,0.005624348008542057
2012-01-20,-0.00022750571065977
2012-01-23,0.0009092439717957035
2012-01-24,-0.0009092439717957035
2012-01-25,0.008304554980736789
2012-01-26,-0.005125390757096504
2012-01-27,-0.0006048634319366641
2012-01-30,-0.0034843039735248382
2012-01-31,-0.00015183735388024644
2012-02-01,0.008388566534982544
2012-02-02,0.002180098440870637
2012-02-03,0.013944545001910669
2012-02-06,-0.0012596623127612006
2012-02-07,0.002665839204240683
2012-02-08,0.0029533435427948618
2012-02-09,0.0014000062964871773
2012-02-10,-0.0069452042686686255
2012-02-13,0.0069452042686686255
2012-02-14,-0.001105252229014475
2012-02-15,-0.004432232953084814
2012-02-16,0.010677815732511142
2012-02-17,0.002414442389728322
2012-02-21,0.0007308426841836635
2012-02-22,-0.0033647785487431747
2012-02-23,0.00475092249918152
2012-02-24,0.0016754539315924077
2012-02-27,0.0021817775218062607
2012-02-28,0.0027563328019493127
2012-02-29,-0.005302134904793476
2012-03-01,0.006460544799506529
2012-03-02,-0.002608350634699441
2012-03-05,-0.004143528930833362
2012-03-06,-0.015563077685188276
2012-03-07,0.007444658636661217
2012-03-08,0.009792476938650374
2012-03-09,0.003919411780696436
2012-03-12,0.00014486548059089444
2012-03-13,0.017873602490356078
2012-03-14,-0.0012813727781351147
2012-03-15,0.00596600472531339
2012-03-16,0.0013442602936084569
2012-03-19,0.004093456457465727
2012-03-20,-0.003033170989137801
2012-03-21,-0.0018386324048504932
2012-03-22,-0.006888191961420986
2012-03-23,0.003414773997887366
2012-03-26,0.013336155067021238
2012-03-27,-0.0027488634455332672
2012-03-28,-0.00474078743585693
2012-03-29,-0.002058593964386901
2012-03-30,0.003546874326972649
2012-04-02,0.007829896162892425
2012-04-03,-0.003801130347897974
2012-04-04,-0.010707383062682041
2012-04-05,0.00021377774285458173
2012-04-09,-0.011541878443286357
2012-04-10,-0.016649461447090452
2012-04-11,0.006867637197305321
2012-04-12,0.014170719682086386
2012-04-13,-0.012351787724796282
2012-04-16,-0.0007999156415330333
2012-04-17,0.014801327754733862
2012-04-18,-0.0030146979280427644
2012-04-19,-0.005984349893450869
2012-04-20,0.0008674330043474399
2012-04-23,-0.008125483170788428
2012-04-24,0.0037080484267510982
2012-04-25,0.013981297236942858
2012-04-26,0.006633721261665393
2012-04-27,0.00177554466991392
2012-04-30,-0.0044808679254382255
2012-05-01,0.006607552445513143
2012-05-02,-0.0026235692534992694
2012-05-03,-0.007483219525806106
2012-05-04,-0.016589863727400456
2012-05-07,0.0004361520465483437
2012-05-08,-0.004079411505512276
2012-05-09,-0.006003786441345582
2012-05-10,0.0023468933960959504
2012-05-11,-0.0033755861631812323
2012-05-14,-0.010419632241383425
2012-05-15,-0.00588556052160083
2012-05-16,-0.0037430240180729157
2012-05-17,-0.014961583892716845
2012-05-18,-0.008640412742015435
2012-05-21,0.016828528003219212
2012-05-22,0.0017355160772209999
2012-05-23,0.0006031988552237522
2012-05-24,0.0007527203250923264
2012-05-25,-0.0021098554623613097
2012-05-29,0.011923235019208889
2012-05-30,-0.01471823149836915
2012-05-31,-0.0025752995692993608
2012-06-01,-0.023714935366224488
2012-06-04,-0.0012432682239493786
2012-06-05,0.005660202008772153
2012-06-06,0.023158463905561533
2012-06-07,0.0012835132312343234
2012-06-08,0.007442233671142162
2012-06-11,-0.007366891995149061
2012-06-12,0.006992070707142695
2012-06-13,-0.00676564058647422
2012-06-14,0.010131811632098753
2012-06-15,0.009512521567888399
2012-06-18,0.0022902745387662904
2012-06-19,0.01031929194555925
2012-06-20,-0.002056728600838831
2012-06-21,-0.022082050127659514
2012-06-22,0.00704201391996051
2012-06-25,-0.016407680399419533
2012-06-26,0.005146950517508131
2012-06-27,0.00939276427437541
2012-06-28,-0.0023961553417244374
2012-06-29,0.024877133093934134
2012-07-02,0.002118273148903782
2012-07-03,0.006763808070678223
2012-07-05,-0.004576973519166749
2012-07-06,-0.010172320226282672
2012-07-09,-0.0008096875397676229
2012-07-10,-0.00850157386263195
2012-07-11,-0.0003713268342337983
2012-07-12,-0.004615717016285714
2012-07-13,0.016869347914945543
2012-07-16,-0.002350324326376274
2012-07-17,0.0067427668085677794
2012-07-18,0.008075309960603683
2012-07-19,0.0020270911137805214
2012-07-20,-0.00929941150253999
2012-07-23,-0.009828238199872885
2012-07-24,-0.00836364386244881
2012-07-25,-0.0003718651331405809
2012-07-26,0.016079197090905772
2012-07-27,0.01927632723636563
2012-07-30,-0.0006463078279583812
2012-07-31,-0.005689654236590513
2012-08-01,-0.0020971687571709197
2012-08-02,-0.006972689511949071
2012-08-03,0.019273804480117285
2012-08-06,0.002356287923984901
2012-08-07,0.0050515742895038684
2012-08-08,0.001418181440508981
2012-08-09,0.0006378563318349961
2012-08-10,0.0012741544731742493
2012-08-13,-0.00042468235329717885
2012-08-14,0.0005657985417570899
2012-08-15,0.0011311020216515644
2012-08-16,0.007039213489312246
2012-08-17,0.0016120240468335822
2012-08-20,0.00028002689686434934
2012-08-21,-0.00322568341677254
2012-08-22,0.00021088374716615732
2012-08-23,-0.008037975689506816
2012-08-24,0.006421180822915318
2012-08-27,-0.0004215380509675626
2012-08-28,-0.0010566012181500994
2012-08-29,0.0009860060931012882
2012-08-30,-0.0072040958421260015
2012-08-31,0.005654468840019078
2012-09-04,-0.004238066258703377
2012-09-05,0.001414706383664921
2012-09-06,0.020083009616098657
2012-09-07,0.004492567268734149
2012-09-10,-0.006226257643012545
2012-09-11,0.0024951291671833076
2012-09-12,0.004006880236512522
2012-09-13,0.01566542976697516
2012-09-14,0.0037264116319413176
2012-09-17,-0.003115869417557704
2012-09-18,-0.0009496580931500631
2012-09-19,0.0007462963186792848
2012-09-20,-0.00040718043991283537
2012-09-21,-0.0010866661425854574
2012-09-24,-0.001019732122530037
2012-09-25,-0.010048957597362573
2012-09-26,-0.005749981376053981
2012-09-27,0.009542006561385818
2012-09-28,-0.0062816846519693215
2012-10-01,0.0035946003892712852
2012-10-02,0.0014479737066475096
2012-10-03,0.003645281240678422
2012-10-04,0.00786391522762564
2012-10-05,-0.0007495591882422659
2012-10-08,-0.0032771307669197114
2012-10-09,-0.00948291666706691
2012-10-10,-0.0063024858514104665
2012-10-11,0.0006252012698624299
2012-10-12,-0.00424445589638367
2012-10-15,0.008263655311651519
2012-10-16,0.011003951961869873
2012-10-17,0.003959380602637452
2012-10-18,-0.002114357758578045
2012-10-19,-0.017980023943243495
2012-10-22,0.0011118497220463652
2012-10-23,-0.014477647013716677
2012-10-24,-0.0025390617174094743
2012-10-25,0.003032498567857367
2012-10-26,-0.0006340162333211552
2012-10-31,-0.0031758663742227355
2012-11-01,0.01389790511347222
2012-11-02,-0.009525220462952788
2012-11-05,0.002179434268190228
2012-11-06,0.007694520086167778
2012-11-07,-0.022978537063421456
2012-11-08,-0.011978229639004745
2012-11-09,0.000144161347727767
2012-11-12,0.0019460302173648358
2012-11-13,-0.003968530303111173
2012-11-14,-0.01265927050138238
2012-11-15,-0.002198859081735449
2012-11-16,0.004100796864032752
2012-11-19,0.020971334875294012
2012-11-20,0.0003574052641335257
2012-11-21,0.0020726093771896714
2012-11-23,0.012415559737652515
2012-11-26,-0.0003528654197593184
2012-11-27,-0.006013013215534713
2012-11-28,0.007633918654345706
2012-11-29,0.004917277918766949
2012-11-30,0.0
2012-12-03,-0.0047059381076222095
2012-12-04,-0.0016911576057703215
2012-12-05,0.0018319869976544112
2012-12-06,0.003092438425483124
2012-12-07,0.003502434002317756
2012-12-10,0.0009090787781609322
2012-12-11,0.005782026339133495
2012-12-12,0.0013885370124500085
2012-12-13,-0.006263014209769935
2012-12-14,-0.0034961824779706774
2012-12-17,0.011006639387364459
2012-12-18,0.01177760009092399
2012-12-19,-0.0075393156766887515
2012-12-20,0.005538867207077303
2012-12-21,-0.009155943138530631
2012-12-24,-0.0031404358088638062
2012-12-26,-0.004694402422598998
2012-12-27,-0.000983937576544136
2012-12-28,-0.011382588855978426
2012-12-31,0.017619961297797637
2013-01-02,0.024089266324770264
2013-01-03,-0.0012965365194892442
2013-01-04,0.004904610775527729
2013-01-07,-0.003130796702721206
2013-01-08,-0.00273040590660667
2013-01-09,0.002662140827166759
2013-01-10,0.007538625818916067
2013-01-11,0.0004732768433211021
2013-01-14,-0.0008795523027211871
2013-01-15,0.000406275459400085
2013-01-16,-0.000406275459400085
2013-01-17,0.00674604116715205
2013-01-18,0.0026183053730814976
2013-01-22,0.004883291945565027
2013-01-23,0.0018666723896334503
2013-01-24,0.00026631936870025186
2013-01-25,0.004915704886243155
2013-01-28,0.0
2013-01-29,0.0033070734901352594
2013-01-30,-0.003704846002907658
2013-01-31,-0.0026552409540840927
2013-02-01,0.010380558279049268
2013-02-04,-0.010978760989573288
2013-02-05,0.009201428083525087
2013-02-06,0.0013169078613879392
2013-02-07,-0.0011850519453577846
2013-02-08,0.005060199363659201
2013-02-11,-0.0003276290318590114
2013-02-12,0.0022268226708446193
2013-02-13,0.0006541331583997945
2013-02-14,0.0011763926869861052
2013-02-15,-0.0011110324173841946
2013-02-19,0.006841759193722652
2013-02-20,-0.012677572267519643
2013-02-21,-0.005803937000329107
2013-02-22,0.009545435886178844
2013-02-25,-0.018916155724060246
2013-02-26,0.006787410642536074
2013-02-27,0.012128745081524173
2013-02-28,-0.0008520019108990695
2013-03-01,0.002488329923379773
2013-03-04,0.004959143090911056
2013-03-05,0.009006567560639667
2013-03-06,0.00206171295023605
2013-03-07,0.00173684104883165
2013-03-08,0.004231657716915471
2013-03-11,0.003449631980765311
2013-03-12,-0.0023623657665670095
2013-03-13,0.0014053011666810278
2013-03-14,0.00560123827579595
2013-03-15,-0.0011431981938985203
2013-03-18,-0.006054744894112396
2013-03-19,-0.001663820945842609
2013-03-20,0.00638324145886493
2013-03-21,-0.008306064233855714
2013-03-22,0.0077969148638219465
2013-03-25,-0.003311996074238266
2013-03-26,0.007607509684840252
2013-03-27,-0.0007006532395212872
2013-03-28,0.0029273373279812276
2013-04-01,-0.0033100510779986436
2013-04-02,0.00470720639117328
2013-04-03,-0.009820824274815898
2013-04-04,0.003837872702627365
2013-04-05,-0.004286385217603161
2013-04-08,0.0061360378620722855
2013-04-09,0.0036889618467759178
2013-04-10,0.012429543291124112
2013-04-11,0.0032554556219226427
2013-04-12,-0.0026285807321384524
2013-04-15,-0.0231382388853687
2013-04-16,0.014453034829227107
2013-04-17,-0.015158226130298047
2013-04-18,-0.005793139302726402
2013-04-19,0.008036478610370601
2013-04-22,0.005300480313963796
2013-04-23,0.010139463253344694
2013-04-24,-6.305153858576773e-05
2013-04-25,0.004718149823646378
2013-04-26,-0.002136394503429173
2013-04-29,0.006894650130874425
2013-04-30,0.0021838506204732155
2013-05-01,-0.00844942386168146
2013-05-02,0.00901011518332151
2013-05-03,0.009855616131996925
2013-05-06,0.002648091765848015
2013-05-07,0.005093268406490381
2013-05-08,0.0047016068793421795
2013-05-09,-0.002683938539374431
2013-05-10,0.0031100794306109236
2013-05-13,0.0008523441434391543
2013-05-14,0.010650536094606977
2013-05-15,0.005043585122334271
2013-05-16,-0.004802721754197492
2013-05-17,0.009761301293805147
2013-05-20,0.00023836202930649364
2013-05-21,0.0012504709901399735
2013-05-22,-0.00752618550562989
2013-05-23,-0.002942088637487572
2013-05-24,-0.000902433018743487
2013-05-28,0.0061203566462699754
2013-05-29,-0.006782764001973085
2013-05-30,0.003967161701356581
2013-05-31,-0.014501765613871953
2013-06-03,0.005281379825206933
2013-06-04,-0.004551240103918275
2013-06-05,-0.01458080103948145
2013-06-06,0.009092119767244
2013-06-07,0.012760608983489519
2013-06-10,-0.00012066886061123938
2013-06-11,-0.009891830446730587
2013-06-12,-0.008390186916668263
2013-06-13,0.015076445725521914
2013-06-14,-0.006381054501694017
2013-06-17,0.008136124098132136
2013-06-18,0.007290780395662111
2013-06-19,-0.013174020496040661
2013-06-20,-0.025756113399371117
2013-06-21,0.003053658938599213
2013-06-24,-0.012901683718798296
2013-06-25,0.009848024780199083
2013-06-26,0.009788791198168667
2013-06-27,0.005822491458019385
2013-06-28,-0.0063819610091639944
2013-07-01,0.008233020884993891
2013-07-02,-0.0016040412630191625
2013-07-03,0.0010493607763439883
2013-07-05,0.010980347865658935
2013-07-08,0.0054758807108923335
2013-07-09,0.0071342279517816465
2013-07-10,0.00042182066049178957
2013-07-11,0.014349212925706567
2013-07-12,-0.0003564292957216608
2013-07-15,0.0044435856738775925
2013-07-16,-0.0042060793461038415
2013-07-17,0.002135067565217419
2013-07-18,0.005670680762475122
2013-07-19,0.002295111609349476
2013-07-22,0.0015856720382636524
2013-07-23,-0.002055952717517684
2013-07-24,-0.0035339922613326635
2013-07-25,0.0018861568514099147
2013-07-26,0.0013538906336032497
2013-07-29,-0.002945541295187759
2013-07-30,-0.0001767885241870104
2013-07-31,0.0003541310581081092
2013-08-01,0.011726863087229589
2013-08-02,0.0018053179377206519
2013-08-05,-0.00098975840491633
2013-08-06,-0.005314038947223487
2013-08-07,-0.0039312708674925645
2013-08-08,0.0034625274944710682
2013-08-09,-0.002757156463656152
2013-08-12,-0.001528508745631818
2013-08-13,0.0035823392826088707
2013-08-14,-0.0053491030817136576
2013-08-15,-0.014485315128598408
2013-08-16,-0.0030541449261765052
2013-08-19,-0.006438805729728436
2013-08-20,0.00475803462094504
2013-08-21,-0.006207821053195062
2013-08-22,0.00902767198855603
2013-08-23,0.0037671719181071595
2013-08-26,-0.003946921130381753
2013-08-27,-0.016250844999884606
2013-08-28,0.003404869487993345
2013-08-29,0.0017589905818100604
2013-08-30,-0.0038857762076460745
2013-09-03,0.004975521799522653
2013-09-04,0.008257758012237382
2013-09-05,0.0010199454173642764
2013-09-06,0.0007795582674399171
2013-09-09,0.009897096647645043
2013-09-10,0.006917754311292157
2013-09-11,0.0033529284362749934
2013-09-12,-0.002057421395159409
2013-09-13,0.0014112570547615277
2013-09-16,0.006559780527327419
2013-09-17,0.004019727785995464
2013-09-18,0.011676297830323534
2013-09-19,-0.0013224434791290207
2013-09-20,-0.0075666982577509145
2013-09-23,-0.004183652653040326
2013-09-24,-0.0021940901296124693
2013-09-25,-0.0028774580896122615
2013-09-26,0.003111810804243831
2013-09-27,-0.004288450649814202
2013-09-30,-0.0056089430538754925
2013-10-01,0.008078519088245528
2013-10-02,-0.001528402355153169
2013-10-03,-0.008624707994499659
2013-10-04,0.007329888753317526
2013-10-07,-0.00857651529236314
2013-10-08,-0.011471089598364514
2013-10-09,0.0004208750237584269
2013-10-10,0.021686185790955825
2013-10-11,0.00621087489691341
2013-10-14,0.004487448483629031
2013-10-15,-0.00811568309274957
2013-10-16,0.014318470758950319
2013-10-17,0.006394285122047094
2013-10-18,0.006752924664624516
2013-10-21,0.00017110886280136128
2013-10-22,0.005345868332678805
2013-10-23,-0.0038643394940320874
2013-10-24,0.0032970981099360586
2013-10-25,0.004473775033813077
2013-10-28,0.0011291136442084238
2013-10-29,0.005908289805272915
2013-10-30,-0.004892940262412715
2013-10-31,-0.0038410804260458065
2013-11-01,0.0029386970788713995
2013-11-04,0.0033799713095090667
2013-11-05,-0.0028158641143321006
2013-11-06,0.004782331832366538
2013-11-07,-0.012709579715203034
2013-11-08,0.013495067061608523
2013-11-11,0.0
2013-11-12,-0.0022459704083086507
2013-11-13,0.00772717365414799
2013-11-14,0.005950805801395731
2013-11-15,0.0042603592084056174
2013-11-18,-0.003318279171015348
2013-11-19,-0.002440438834169889
2013-11-20,-0.0031701351689932267
2013-11-21,0.007713327554763616
2013-11-22,0.005182941186013146
2013-11-25,-0.00099046731521657
2013-11-26,0.00016505146320078268
2013-11-27,0.0024738430078787843
2013-11-29,-0.0009888411037479727
2013-12-02,-0.002145568494239747
2013-12-03,-0.003807536554151447
2013-12-04,-0.0011615025257887268
2013-12-05,-0.0037708794178010763
2013-12-06,0.011050272321091015
2013-12-09,0.002195639660776294
2013-12-10,-0.003075284140025225
2013-12-11,-0.011671895223103412
2013-12-12,-0.0030649465284682265
2013-12-13,-0.000390804891911678
2013-12-16,0.005956303895141346
2013-12-17,-0.003391221727295779
2013-12-18,0.01717181479634622
2013-12-19,-0.0006024181817361196
2013-12-20,0.005299241877715133
2013-12-23,0.005563835807244288
2013-12-24,0.0028827206469017597
2013-12-26,0.0048222653111889
2013-12-27,-0.000216011432441654
2013-12-30,-0.00048686493476779447
2013-12-31,0.004156083446210879
2014-01-02,-0.008873154874031286
2014-01-03,-0.00043459426613434715
2014-01-06,-0.002722170063388596
2014-01-07,0.006141534861831666
2014-01-08,0.0005417599900976455
2014-01-09,0.0004871759983950952
2014-01-10,0.00259488695176735
2014-01-13,-0.01331512928359846
2014-01-14,0.010611909310126677
2014-01-15,0.005668005083590444
2014-01-16,-0.0017240819025978737
2014-01-17,-0.003835590159288138
2014-01-21,0.002756448173943049
2014-01-22,0.000701697311663807
2014-01-23,-0.008232741992219239
2014-01-24,-0.021827850129487736
2014-01-27,-0.005238789220623374
2014-01-28,0.006460721824240956
2014-01-29,-0.009706800278027394
2014-01-30,0.010705815327015422
2014-01-31,-0.00628700990140274
2014-02-03,-0.022578117155644506
2014-02-04,0.006827198185367145
2014-02-05,-0.0013050636577522923
2014-02-06,0.013253626870274537
2014-02-07,0.012969408916693403
2014-02-10,0.0013815678049082791
2014-02-11,0.010984974678066806
2014-02-12,0.0008188722977404694
2014-02-13,0.004845801367524771
2014-02-14,0.005308807028336027
2014-02-18,0.0015116248411501942
2014-02-19,-0.00665752440108669
2014-02-20,0.005632031543326477
2014-02-21,-0.0005400633831236235
2014-02-24,0.004205216372453968
2014-02-25,0.0004842927369077543
2014-02-26,0.0
2014-02-27,0.005309984565188941
2014-02-28,0.0021374844051509356
2014-03-03,-0.0066949070538138145
2014-03-04,0.014563821907112917
2014-03-05,-0.0004237840921934577
2014-03-06,0.0028569951017836104
2014-03-07,0.0006338416403135483
2014-03-10,-0.000422314985676131
2014-03-11,-0.004977815890690351
2014-03-12,0.0001061424390922383
2014-03-13,-0.011370079174885639
2014-03-14,-0.002741748657823173
2014-03-17,0.009110251974014716
2014-03-18,0.0073346696999339045
2014-03-19,-0.005522657440597989
2014-03-20,0.005840275397770434
2014-03-21,-0.0037656951403164385
2014-03-24,-0.0042067428558745235
2014-03-25,0.004921748125507719
2014-03-26,-0.007495009729731272
2014-03-27,-0.0017208965554846856
2014-03-28,0.004243357095200295
2014-03-31,0.00843350342266369
2014-04-01,0.006569401502798833
2014-04-02,0.003215629295399758
2014-04-03,-0.0009479849878859525
2014-04-04,-0.011924865935874607
2014-04-07,-0.011528867230972573
2014-04-08,0.0044665341976379835
2014-04-09,0.010681610221807247
2014-04-10,-0.021532846183682786
2014-04-11,-0.008887043487070478
2014-04-14,0.007800879148935458
2014-04-15,0.007201076347092439
2014-04-16,0.010144590367352713
2014-04-17,0.0015476577294339933
2014-04-21,0.003619313341197916
2014-04-22,0.00418849485688888
2014-04-23,-0.002065625622652334
2014-04-24,0.0021183722053699228
2014-04-25,-0.008340624262103802
2014-04-28,0.0033022292826370148
2014-04-29,0.004244445836998345
2014-04-30,0.0035411831604115207
2014-05-01,-0.0006329880669753152
2014-05-02,-0.0008453857798151887
2014-05-05,0.001795145639617246
2014-05-06,-0.008687556856892265
2014-05-07,0.005465126669520259
2014-05-08,-0.0006355247658662577
2014-05-09,0.0017985935781990037
2014-05-12,0.008787804283907796
2014-05-13,0.0013610034232449664
2014-05-14,-0.004982462668522203
2014-05-15,-0.00866048960911403
2014-05-16,0.003652731227989925
2014-05-19,0.0033235555099428993
2014-05-20,-0.006286927656525165
2014-05-21,0.008338883669667396
2014-05-22,0.002519598659405986
2014-05-23,0.004237896906586158
2014-05-27,0.0061412039594381795
2014-05-28,-0.0008822111181725489
2014-05-29,0.00502458261427563
2014-05-30,0.0017552398626978771
2014-06-02,0.0012372144698558074
2014-06-03,-0.0006183300286863869
2014-06-04,0.0018023839161012134
2014-06-05,0.006616090997442647
2014-06-06,0.005047854115231232
2014-06-09,0.0011182060347225686
2014-06-10,-0.00020346046114916305
2014-06-11,-0.003206164535009215
2014-06-12,-0.007367554102979845
2014-06-13,0.0032299231268702044
2014-06-16,0.0009209835011709799
2014-06-17,0.0023496611457201055
2014-06-18,0.007775775125669071
2014-06-19,0.0008097561987128188
2014-06-20,0.0018699467884131238
2014-06-23,0.00020183525176786787
2014-06-24,-0.006026287632021621
2014-06-25,0.004073285741102772
2014-06-26,-0.0007115490711528949
2014-06-27,0.003046250607847689
2014-06-30,-0.0013188654643254694
2014-07-01,0.006577169006864558
2014-07-02,0.0009578264043392792
2014-07-03,0.00512542045506148
2014-07-07,-0.003313301779338751
2014-07-08,-0.006457867277950058
2014-07-09,0.004444173476735536
2014-07-10,-0.004494983551448506
2014-07-11,0.001719690516686967
2014-07-14,0.004788986835976061
2014-07-15,-0.0018121186757227292
2014-07-16,0.004022123549106915
2014-07-17,-0.011557118960310753
2014-07-18,0.009799389160249916
2014-07-21,-0.001861521581749237
2014-07-22,0.0047225482877646385
2014-07-23,0.0019528763906304647
2014-07-24,-4.981111964852403e-05
2014-07-25,-0.004412253609043404
2014-07-28,0.00035171999459304715
2014-07-29,-0.004480559895776004
2014-07-30,0.00030270357162898165
2014-07-31,-0.020383077704772212
2014-08-01,-0.0026288618445953205
2014-08-04,0.007097628909982667
2014-08-05,-0.00988869503539025
2014-08-06,0.00036237818467999006
2014-08-07,-0.005291595316361253
2014-08-08,0.01148113995619049
2014-08-11,0.0031318796938997195
2014-08-12,-0.00143625349155041
2014-08-13,0.00670222211121807
2014-08-14,0.00427423895260759
2014-08-15,0.0003553981398942696
2014-08-18,0.00808820165361368
2014-08-19,0.005472931228763578
2014-08-20,0.0026501627416362084
2014-08-21,0.0025437997496782216
2014-08-22,-0.00144573976714657
2014-08-25,0.005174660623715965
2014-08-26,0.0007443306823642359
2014-08-27,-0.0001985008710407854
2014-08-28,-0.0009429967132126293
2014-08-29,0.0026775582849918322
2014-09-02,-0.00039626735734099583
2014-09-03,-0.00014870103505248977
2014-09-04,-0.0016857656560365086
2014-09-05,0.004555199610702054
2014-09-08,-0.002473107679253239
2014-09-09,-0.006259326419788103
2014-09-10,0.003780246631635009
2014-09-11,0.0009426314022684679
2014-09-12,-0.005670299497450237
2014-09-15,-0.0010979558347052887
2014-09-16,0.00766073884488172
2014-09-17,0.0012379931549428846
2014-09-18,0.005232494416241629
2014-09-19,-0.0011822882362375609
2014-09-22,-0.007322111632130479
2014-09-23,-0.0055267391947193545
2014-09-24,0.0077144827597868115
2014-09-25,-0.016563274741399958
2014-09-26,0.008566681069726911
2014-09-29,-0.002562345422367329
2014-09-30,-0.0026194084538033735
2014-10-01,-0.013200716164434745
2014-10-02,0.00010229459674704344
2014-10-03,0.010876860788854081
2014-10-06,-0.0013153261472274025
2014-10-07,-0.01530173161266557
2014-10-08,0.017223389448833615
2014-10-09,-0.020621516276862373
2014-10-10,-0.010889325367938518
2014-10-13,-0.01703704063936584
2014-10-14,0.0023309612632056442
2014-10-15,-0.008021714198934049
2014-10-16,-0.00031988678098393564
2014-10-17,0.01240735068741916
2014-10-20,0.009492753485811356
2014-10-21,0.019487286703694373
2014-10-22,-0.006934716573763211
2014-10-23,0.0116840444275077
2014-10-24,0.007107355721879038
2014-10-27,-0.0012654822645714603
2014-10-28,0.011282070381833265
2014-10-29,-0.0011525812819996872
2014-10-30,0.006845635662582339
2014-10-31,0.01079769447251877
2014-11-03,0.0005907309209929323
2014-11-04,-0.0033534802627039895
2014-11-05,0.006401460397732706
2014-11-06,0.003772421624174349
2014-11-07,0.0012707169707066868
2014-11-10,0.002633623856622691
2014-11-11,0.0010710036116279298
2014-11-12,-0.0007789567835567723
2014-11-13,0.0006330991841876354
2014-11-14,0.00043767472422384657
2014-11-17,0.00038929532198306305
2014-11-18,0.0060594196444592185
2014-11-19,-0.001499365698978572
2014-11-20,0.0015477359241975464
2014-11-21,0.0053980815032490526
2014-11-24,0.0030715401095164907
2014-11-25,-0.0006710940237795171
2014-11-26,0.002394855637410487
2014-11-28,-0.0022029110112988803
2014-12-01,-0.006734843758702702
2014-12-02,0.006255229738379775
2014-12-03,0.0039256613163427545
2014-12-04,-0.001195340406848544
2014-12-05,0.0018639169064522676
2014-12-08,-0.006995534067688602
2014-12-09,-0.0006732766499304432
2014-12-10,-0.015711586028657187
2014-12-11,0.004583707883904609
2014-12-12,-0.016136186325019786
2014-12-15,-0.007095455203124601
2014-12-16,-0.007798469117338058
2014-12-17,0.01923568151593269
2014-12-18,0.024220705080169935
2014-12-19,0.004315140865716494
2014-12-22,0.004677937939333354
2014-12-23,0.0015701999658368493
2014-12-24,0.0003497092949036329
2014-12-26,0.0026722562172327713
2014-12-29,0.0017141690618913685
2014-12-30,-0.005725002921021627
2014-12-31,-0.010291557375265548
2015-01-02,-0.000677165774008337
2015-01-05,-0.01771492012077136
2015-01-06,-0.009051184575072924
2015-01-07,0.012295535245756106
2015-01-08,0.01770651335216833
2015-01-09,-0.008473612801449981
2015-01-12,-0.0076146638762475405
2015-01-13,-0.002600331391581001
2015-01-14,-0.006060582132536574
2015-01-15,-0.00943510843872275
2015-01-16,0.012740909496027797
2015-01-20,0.00246026583284209
2015-01-21,0.004901820377223309
2015-01-22,0.014563376493237357
2015-01-23,-0.005363887295064096
2015-01-26,0.0026614850014237135
2015-01-27,-0.013524806167833248
2015-01-28,-0.013015487545903426
2015-01-29,0.009531594824341738
2015-01-30,-0.012762269304547935
2015-02-02,0.012073956110906003
2015-02-03,0.014114545803479928
2015-02-04,-0.0035464986562123713
2015-02-05,0.01040950707473165
2015-02-06,-0.0032322790749343966
2015-02-09,-0.004309782628359571
2015-02-10,0.010763769167486892
2015-02-11,0.0004800955860488898
2015-02-12,0.009266454371953614
2015-02-13,0.004506530617674365
2015-02-17,0.0017970321851059623
2015-02-18,-0.00018914994706253907
2015-02-19,-0.0008035803909454131
2015-02-20,0.006082199278211853
2015-02-23,-0.0003292206296068301
2015-02-24,0.0030049467750412617
2015-02-25,-0.0007503520728615598
2015-02-26,-0.0011265848445685123
2015-02-27,-0.003293259043051222
2015-03-02,0.006341513058002235
2015-03-03,-0.004505443467104797
2015-03-04,-0.004194851680109579
2015-03-05,0.0010384107158269984
2015-03-06,-0.014017403153432362
2015-03-09,0.00415435487889404
2015-03-10,-0.01647995095389021
2015-03-11,-0.0021337392161369095
2015-03-12,0.012399578429225677
2015-03-13,-0.006156517540412132
2015-03-16,0.013751765901329094
2015-03-17,-0.0033845022440459616
2015-03-18,0.011724945438579049
2015-03-19,-0.004303644960534925
2015-03-20,0.008776785997404168
2015-03-23,-0.0016456634093469091
2015-03-24,-0.006278336950643393
2015-03-25,-0.014271037470099834
2015-03-26,-0.0024646852437539835
2015-03-27,0.002030160109809387
2015-03-30,0.012094613965381917
2015-03-31,-0.008576085762539876
2015-04-01,-0.0031322918415677137
2015-04-02,0.002795496027569122
2015-04-06,0.00728959266303697
2015-04-07,-0.0029668594222806988
2015-04-08,0.0035879047469853376
2015-04-09,0.004383652905609381
2015-04-10,0.005216170769075212
2015-04-13,-0.0045983050051807695
2015-04-14,0.0017564916983241474
2015-04-15,0.005109567053191988
2015-04-16,-0.0004720778747522303
2015-04-17,-0.01163433104597189
2015-04-20,0.009129148195895276
2015-04-21,-0.0010420707330611734
2015-04-22,0.004821381072183328
2015-04-23,0.002495670267276928
2015-04-24,0.0022083785410167422
2015-04-27,-0.003950077498346083
2015-04-28,0.0027291674790808074
2015-04-29,-0.003907871473312063
2015-04-30,-0.010146050031838882
2015-05-01,0.01075908409777071
2015-05-04,0.003200664004692655
2015-05-05,-0.01162737392329749
2015-05-06,-0.0041447613922995785
2015-05-07,0.003906910800478336
2015-05-08,0.012945442016527586
2015-05-11,-0.0048465682881353445
2015-05-12,-0.003070889045466707
2015-05-13,0.0003784710852237083
2015-05-14,0.01063251933832099
2015-05-15,0.001028877286288754
2015-05-18,0.002940857373064709
2015-05-19,-0.00018639828074196174
2015-05-20,-0.0009795832230619084
2015-05-21,0.0028889509065015417
2015-05-22,-0.002095879359079511
2015-05-26,-0.010923926000279138
2015-05-27,0.009524030188221566
2015-05-28,-0.0013082994711020035
2015-05-29,-0.006096780608531915
2015-06-01,0.0017391435607452266
2015-06-02,-0.0007987766135526542
2015-06-03,0.0028158808169669314
2015-06-04,-0.008093477465492604
2015-06-05,-0.002222911817189477
2015-06-08,-0.006174602407880592
2015-06-09,-0.0003334092934625943
2015-06-10,0.012032835409627296
2015-06-11,0.0034316051486520394
2015-06-12,-0.007915223681658645
2015-06-15,-0.004171180971991539
2015-06-16,0.005541941099004077
2015-06-17,0.0015103769130861977
2015-06-18,0.009855923869277028
2015-06-19,-0.0061837239687623224
2015-06-22,0.007350783269470362
2015-06-23,0.0004197920248527609
2015-06-24,-0.007053071029058167
2015-06-25,-0.0031687335522638804
2015-06-26,-4.735954580148416e-05
2015-06-29,-0.021305519280588214
2015-06-30,0.001982128365556335
2015-07-01,0.008559796087903138
2015-07-02,-0.0011978229806697271
2015-07-06,-0.0026402063905344164
2015-07-07,0.0061337771795182405
2015-07-08,-0.016667882377396914
2015-07-09,0.0010680894785544126
2015-07-10,0.012873028234544392
2015-07-13,0.011147175400863851
2015-07-14,0.0043017031465799604
2015-07-15,-0.00023582091037432917
2015-07-16,0.007520579100014579
2015-07-17,0.0010764100968856383
2015-07-20,0.00042073061980119064
2015-07-21,-0.00393521937336061
2015-07-22,-0.0020675246745254228
2015-07-23,-0.005282357775420188
2015-07-24,-0.010553375890903105
2015-07-27,-0.006039698108822655
2015-07-28,0.012375600481595583
2015-07-29,0.006579118356460079
2015-07-30,0.00042447077223073393
2015-07-31,-0.0016045960207646814
2015-08-03,-0.0032170064888754624
2015-08-04,-0.001992099138049319
2015-08-05,0.0036965221385196756
2015-08-06,-0.008121750580884601
2015-08-07,-0.0024352184255453935
2015-08-10,0.012589146464476286
2015-08-11,-0.009057783989831591
2015-08-12,0.0009523639771007453
2015-08-13,-0.0008094185915377139
2015-08-14,0.0032336064888092153
2015-08-17,0.005869850717584946
2015-08-18,-0.002835859697558618
2015-08-19,-0.008079135335478327
2015-08-20,-0.02141377078699591
2015-08-21,-0.03139506212042953
2015-08-24,-0.042491920205946165
2015-08-25,-0.013102412237168792
2015-08-26,0.040643412992726446
2015-08-27,0.02356596129336541
2015-08-28,-0.0007481895694487761
2015-08-31,-0.008319743640192279
2015-09-01,-0.030505842947727402
2015-09-02,0.01957557275662225
2015-09-03,0.0008647869578668477
2015-09-04,-0.015626490049719166
2015-09-08,0.025138198825018776
2015-09-09,-0.013586724696235564
2015-09-10,0.005345128281780909
2015-09-11,0.0048621980731233805
2015-09-14,-0.003745951794350333
2015-09-15,0.012398778151528234
2015-09-16,0.00882673528109823
2015-09-17,-0.0025353015743476703
2015-09-18,-0.016612986245632122
2015-09-21,0.005048124523034936
2015-09-22,-0.012668662920470197
2015-09-23,-0.0014288358785234934
2015-09-24,-0.0042991152921727505
2015-09-25,-0.0001983226191217824
2015-09-28,-0.02528470439340591
2015-09-29,0.0002114737443763559
2015-09-30,0.019226946160825875
2015-10-01,0.002694558455289986
2015-10-02,0.014538806687349748
2015-10-05,0.017943746625912915
2015-10-06,-0.0037643008970595915
2015-10-07,0.008212949218433074
2015-10-08,0.009134779274758031
2015-10-09,0.0007409734516015121
2015-10-12,0.0008884532734771966
2015-10-13,-0.006484390323496569
2015-10-14,-0.005028218648063465
2015-10-15,0.015206273101236789
2015-10-16,0.004414405893390594
2015-10-19,0.0007826468380160989
2015-10-20,-0.001468206891062529
2015-10-21,-0.005844869175954948
2015-10-22,0.016319196001822966
2015-10-23,0.011181047814472933
2015-10-26,-0.002303142164539196
2015-10-27,-0.0019232978069396722
2015-10-28,0.011151381825841966
2015-10-29,-0.0005235978753237447
2015-10-30,-0.004534167403067002
2015-11-02,0.01212431756323884
2015-11-03,0.0025015278324254098
2015-11-04,-0.0025960278483081467
2015-11-05,-0.0012296342160000862
2015-11-06,-0.00037863857497200115
2015-11-09,-0.009656412426910954
2015-11-10,0.002434805492188552
2015-11-11,-0.0038697095719317787
2015-11-12,-0.014173011211718212
2015-11-13,-0.011229647827523337
2015-11-16,0.015347862831886161
2015-11-17,-0.0013063137549957915
2015-11-18,0.01594575797333153
2015-11-19,-0.0009535173617303272
2015-11-20,0.004520715982912371
2015-11-23,-0.0019009163117971184
2015-11-24,0.001426122455510992
2015-11-25,4.760292779071307e-05
2015-11-27,0.000854431979370851
2015-11-30,-0.0039944396720574815
2015-12-01,0.009767688946598518
2015-12-02,-0.010387209763679905
2015-12-03,-0.014310084718028193
2015-12-04,0.019351173037698288
2015-12-07,-0.0061861437915275985
2015-12-08,-0.006560887597027332
2015-12-09,-0.007910834748645179
2015-12-10,0.002515094854405042
2015-12-11,-0.020103029381310478
2015-12-14,0.006337882942881734
2015-12-15,0.009796075662917403
2015-12-16,0.014349282482893244
2015-12-17,-0.014882908283778917
2015-12-18,-0.01890817526662847
2015-12-21,0.008567663946810633
2015-12-22,0.00922379273908458
2015-12-23,0.012503588302767099
2015-12-24,-0.0020431642835321284
2015-12-28,-0.0023718491896831395
2015-12-29,0.011383845059095066
2015-12-30,-0.007413010423011457
2015-12-31,-0.010198240153830085
2016-01-04,-0.014107916939364529
2016-01-05,0.0020770046199833914
2016-01-06,-0.013178032521464544
2016-01-07,-0.02421847825931689
2016-01-08,-0.011139162614001386
2016-01-11,0.0010365260267484189
2016-01-12,0.007689481469377313
2016-01-13,-0.024616931481607374
2016-01-14,0.015735293288195784
2016-01-15,-0.021282965006014898
2016-01-19,0.0005295019009707858
2016-01-20,-0.011664699449803528
2016-01-21,0.005183363656608542
2016-01-22,0.020416987454623836
2016-01-25,-0.015366269829653945
2016-01-26,0.013484474539776414
2016-01-27,-0.010783640273868578
2016-01-28,0.0054325829903731915
2016-01-29,0.023446154249546325
2016-02-01,-0.00010271522725879834
2016-02-02,-0.018201742454649228
2016-02-03,0.0053236926922748395
2016-02-04,0.002183733381738051
2016-02-05,-0.019298782411503623
2016-02-08,-0.01354109192542996
2016-02-09,-0.0003758952936925297
2016-02-10,-0.0004834142387375451
2016-02-11,-0.012541304387164942
2016-02-12,0.020034131654550258
2016-02-16,0.016498723119379832
2016-02-17,0.016437216666352228
2016-02-18,-0.004032329099841192
2016-02-19,-0.0006217222743831741
2016-02-22,0.014357667185820766
2016-02-23,-0.012234861183365808
2016-02-24,0.004541288896986018
2016-02-25,0.011670838074761214
2016-02-26,-0.001782769652461269
2016-02-29,-0.008396020711328944
2016-03-01,0.023775631582373613
2016-03-02,0.004408131385377878
2016-03-03,0.003542362408580857
2016-03-04,0.0034803713615323417
2016-03-07,0.0009922018420436274
2016-03-08,-0.01146970601684405
2016-03-09,0.005152734098669676
2016-03-10,0.0005487178177832064
2016-03-11,0.01642136245142467
2016-03-14,-0.001374564792962829
2016-03-15,-0.0016715900807637851
2016-03-16,0.006376478472259528
2016-03-17,0.006287630606043315
2016-03-18,0.0036861129426801753
2016-03-21,0.0014511114469728525
2016-03-22,-0.0005802560316885419
2016-03-23,-0.006497557250540353
2016-03-24,-0.0005876073057571318
2016-03-28,0.0006365304310964603
2016-03-29,0.009499024187960892
2016-03-30,0.004209106146264574
2016-03-31,-0.0023200254590269864
2016-04-01,0.006367306855787902
2016-04-04,-0.0032750579620461906
2016-04-05,-0.00984133929422537
2016-04-06,0.010757505679822366
2016-04-07,-0.012171296489762895
2016-04-08,0.0029716908957917454
2016-04-11,-0.0028253983508008673
2016-04-12,0.009805549096670418
2016-04-13,0.009997127557342722
2016-04-14,9.560283206955233e-05
2016-04-15,-0.0015792358093440484
2016-04-18,0.007253657728944596
2016-04-19,0.003038516463027996
2016-04-20,0.0007581667576159745
2016-04-21,-0.004986064848962357
2016-04-22,-0.0001429154566245927
2016-04-25,-0.0017632262226037199
2016-04-26,0.0016680376297335542
2016-04-27,0.0018553798570595248
2016-04-28,-0.00868796163993757
2016-04-29,-0.005383988547065677
2016-05-02,0.007778419283241966
2016-05-03,-0.008791209687362134
2016-05-04,-0.0057097849994836025
2016-05-05,-0.00029131689353434354
2016-05-06,0.003875777256127755
2016-05-09,0.0009665818187158948
2016-05-10,0.012052226379656084
2016-05-11,-0.009350605270112666
2016-05-12,0.0004816778101943697
2016-05-13,-0.009288463783527767
2016-05-16,0.010058600597296241
2016-05-17,-0.008844239207769888
2016-05-18,9.696644528567333e-05
2016-05-19,-0.0035496157422478802
2016-05-20,0.006070555585360182
2016-05-23,-0.0013567070115705349
2016-05-24,0.012909632287623651
2016-05-25,0.0067258095339335355
2016-05-26,0.0003800896565708811
2016-05-27,0.0041259411318490535
2016-05-31,-0.0015629982710887447
2016-06-01,0.0018943119270025122
2016-06-02,0.00325900895160558
2016-06-03,-0.003353740252705961
2016-06-06,0.00552065318421846
2016-06-07,0.0011756221733953964
2016-06-08,0.0031908463966843215
2016-06-09,-0.0011718747267162044
2016-06-10,-0.00947255741285069
2016-06-13,-0.00793891400242952
2016-06-14,-0.0018153127014963744
2016-06-15,-0.0017708101208162574
2016-06-16,0.0032518832740775494
2016-06-17,-0.0037789234662604088
2016-06-20,0.0065918956890103075
2016-06-21,0.002761201325967022
2016-06-22,-0.001671112570610589
2016-06-23,0.012960958426400104
2016-06-24,-0.03743730975299808
2016-06-27,-0.017686452691174637
2016-06-28,0.018518574974716095
2016-06-29,0.016595053174063068
2016-06-30,0.012909609638847463
2016-07-01,0.002988325060115926
2016-07-05,-0.007082283814770385
2016-07-06,0.005707837675282157
2016-07-07,-0.0008542116985568171
2016-07-08,0.015076240830349086
2016-07-11,0.003780337305159698
2016-07-12,0.007009386455894884
2016-07-13,-9.240621907569135e-05
2016-07-14,0.005490017843407635
2016-07-15,-0.0014733923009657701
2016-07-18,0.00276084452672265
2016-07-19,-0.0011033770951929256
2016-07-20,0.004222966113613502
2016-07-21,-0.0036251349252429677
2016-07-22,0.0043577807012384895
2016-07-25,-0.002566503831334721
2016-07-26,0.00041294922980839033
2016-07-27,-0.001009780783152614
2016-07-28,0.0011932318870195857
2016-07-29,0.0015123437727799782
2016-08-01,-0.0011455330975289613
2016-08-02,-0.00593173607920594
2016-08-03,0.0029473195244085204
2016-08-04,0.000919171614498282
2016-08-05,0.007916448327783598
2016-08-08,-0.0005470506084712667
2016-08-09,0.0006382324400524553
2016-08-10,-0.002464045597148967
2016-08-11,0.004603678121092969
2016-08-12,-0.0008188213402133826
2016-08-15,0.0029993905972860446
2016-08-16,-0.0050952646860906725
2016-08-17,0.0018226647935968288
2016-08-18,0.0023192280598527404
2016-08-19,-0.0015454360988851334
2016-08-22,-0.00031855456925367065
2016-08-23,0.00209103582566339
2016-08-24,-0.004733923282804753
2016-08-25,-0.0010042471040083711
2016-08-26,-0.0017827607447102878
2016-08-29,0.004747033835082348
2016-08-30,-0.0015494502975270663
2016-08-31,-0.002786077877162896
2016-09-01,9.163991972638286e-05
2016-09-02,0.004380495991205713
2016-09-06,0.0033636162353154475
2016-09-07,-0.00018144614290793726
2016-09-08,-0.002362975965787939
2016-09-09,-0.02426732772548501
2016-09-12,0.014300220862090818
2016-09-13,-0.014626473235999526
2016-09-14,-0.000559629090254532
2016-09-15,0.010072689202961449
2016-09-16,-0.004165381605155893
2016-09-19,0.0005100043158616785
2016-09-20,9.273294677480948e-05
2016-09-21,0.011108424815425622
2016-09-22,0.006123459271759835
2016-09-23,-0.005252971839983189
2016-09-26,-0.008306101712503455
2016-09-27,0.006061973442544222
2016-09-28,0.00524531739949996
2016-09-29,-0.009035551868066705
2016-09-30,0.007474031279954829
2016-10-03,-0.003084242064784526
2016-10-04,-0.004389789215170303
2016-10-05,0.004389789215170303
2016-10-06,0.000967799428869931
2016-10-07,-0.003922961120018442
2016-10-10,0.005027751921167223
2016-10-11,-0.012407584649577252
2016-10-12,0.0012569580214929488
2016-10-13,-0.0030754821791045828
2016-10-14,9.340245597844188e-05
2016-10-17,-0.0033187033620052375
2016-10-18,0.006161166911118343
2016-10-19,0.002463371600582853
2016-10-20,-0.0017190261599440149
2016-10-21,0.0004647693830994726
2016-10-24,0.0044056732503108265
2016-10-25,-0.0031978718454981347
2016-10-26,-0.002091224499824129
2016-10-27,-0.002748320867998366
2016-10-28,-0.0029429212847311703
2016-10-31,-0.00028086522201586916
2016-11-01,-0.006855779233062798
2016-11-02,-0.0062864395205277646
2016-11-03,-0.004181308394535677
2016-11-04,-0.001667885837848715
2016-11-07,0.021935378647515158
2016-11-08,0.004608607812572885
2016-11-09,0.01099315791820743
2016-11-10,0.001973297773907312
2016-11-11,-0.0017895811874186762
2016-11-14,0.0002755092690689409
2016-11-15,0.007912139173440913
2016-11-16,-0.0012764451674431854
2016-11-17,0.004505492524399912
2016-11-18,-0.0019999746222705284
2016-11-21,0.007253334832688196
2016-11-22,0.0016699121311054554
2016-11-23,0.0010816566124836058
2016-11-25,0.0036419830996932134
2016-11-28,-0.004408021481281388
2016-11-29,0.0016215717632581672
2016-11-30,-0.0029749107566443556
2016-12-01,-0.003617799061899518
2016-12-02,0.000815152814250375
2016-12-05,0.005777557004293499
2016-12-06,0.0035940645067435995
2016-12-07,0.01283263408263391
2016-12-08,0.002387933833968958
2016-12-09,0.006340011142563107
2016-12-12,-0.0012296835209477663
2016-12-13,0.006482436657549329
2016-12-14,-0.007581551949782828
2016-12-15,0.003337683128070701
2016-12-16,-0.0015357166283465062
2016-12-19,0.0018425234998886708
2016-12-20,0.003937061950169962
2016-12-21,-0.002488357782003625
2016-12-22,-0.001453617236858662
2016-12-23,0.0006610535152571373
2016-12-27,0.002815448131598508
2016-12-28,-0.008248690410645132
2016-12-29,-8.856145806834803e-05
2016-12-30,-0.0033722872758197298
2017-01-03,0.007042191906867501
2017-01-04,0.006028149896921242
2017-01-05,-0.000921628538621988
2017-01-06,0.003944062632683654
2017-01-09,-0.003241794760692862
2017-01-10,-0.000438865743366712
2017-01-11,0.0026742178634160396
2017-01-12,-0.0019282891289851278
2017-01-13,0.0018406891590823093
2017-01-17,-0.003289194142770846
2017-01-18,0.0019309437540497854
2017-01-19,-0.0032057261376445823
2017-01-20,0.0032933829218242394
2017-01-23,-0.0023261087023014326
2017-01-24,0.006089393412751498
2017-01-25,0.008090858021094327
2017-01-26,-0.00030340723709887385
2017-01-27,-0.0015179475894262495
2017-01-30,-0.005963857165717457
2017-01-31,-0.00043669996067396966
2017-02-01,0.0005239887362495921
2017-02-02,0.0003491541712348223
2017-02-03,0.007218766848850144
2017-02-06,-0.0017780638991107267
2017-02-07,-4.3461905841368775e-05
2017-02-08,0.001214676620921118
2017-02-09,0.005835987512919694
2017-02-10,0.003914767084897797
2017-02-13,0.005523319579638475
2017-02-14,0.004005608831592511
2017-02-15,0.005090349603343647
2017-02-16,-0.0005078220044625326
2017-02-17,0.0011424043190864097
2017-02-21,0.006028468051278324
2017-02-22,-0.000588593789738745
2017-02-23,0.000798717056015974
2017-02-24,0.0012178629157277854
2017-02-27,0.0015518246093941812
2017-02-28,-0.0025175433373316736
2017-03-01,0.013312577577544893
2017-03-02,-0.005778945655648293
2017-03-03,0.0005835641039357853
2017-03-06,-0.0029212997791088213
2017-03-07,-0.0029298630319063435
2017-03-08,-0.0020140207389385267
2017-03-09,0.0009656712486094676
2017-03-10,0.0034765428231251505
2017-03-13,0.0005851593767927099
2017-03-14,-0.0035584176783229893
2017-03-15,0.008144883805885073
2017-03-16,-0.0012904000716327246
2017-03-17,-0.002043130182951103
2017-03-20,-0.0012946480534807847
2017-03-21,-0.012701488018501905
2017-03-22,0.0021984942696038345
2017-03-23,-0.0010986108048403054
2017-03-24,-0.0004163220142148205
2017-03-27,-0.0014454559075272044
2017-03-28,0.007333169044197341
2017-03-29,0.001477134577910988
2017-03-30,0.002527027694965156
2017-03-31,-0.0019367953266202775
2017-04-03,-0.0016873081832891046
2017-04-04,0.0004642420785652135
2017-04-05,-0.0029582004170860543
2017-04-06,0.0026205911899506162
2017-04-07,-0.0009291414981769108
2017-04-10,0.000718141782150461
2017-04-11,-0.0012675060661440085
2017-04-12,-0.004066618865928184
2017-04-13,-0.006643682230477843
2017-04-17,0.00863669912126852
2017-04-18,-0.0030122275891972805
2017-04-19,-0.0017435801730636413
2017-04-20,0.0075900532605075455
2017-04-21,-0.0025377159971666785
2017-04-24,0.010573594515040696
2017-04-25,0.005891074032190247
2017-04-26,-0.00041662668140762804
2017-04-27,0.0005832304465522853
2017-04-28,-0.0022099369605923513
2017-05-01,0.0027513336795648158
2017-05-02,0.00037455001569330904
2017-05-03,-0.000999182059269188
2017-05-04,0.0006662561074577411
2017-05-05,0.004278322685181912
2017-05-08,-0.0003730749034600578
2017-05-09,-0.0007465718112174002
2017-05-10,0.0016169945775263983
2017-05-11,-0.0018245386150255172
2017-05-12,-0.0015367589754067268
2017-05-15,0.005058398614377069
2017-05-16,-0.0008275606174557026
2017-05-17,-0.01774829677346723
2017-05-18,0.003574960864360932
2017-05-19,0.006986757456551196
2017-05-22,0.004741534538615255
2017-05-23,0.0021553466115253883
2017-05-24,0.002481089399725356
2017-05-25,0.004738542214870911
2017-05-26,-0.00016448801442958683
2017-05-30,-0.0006168333310316854
2017-05-31,-0.0007408322815649626
2017-06-01,0.00815931369808709
2017-06-02,0.0031800691288310645
2017-06-05,-0.0006514939283102095
2017-06-06,-0.0026919090272370383
2017-06-07,0.0016322954485161745
2017-06-08,0.00028541954254279744
2017-06-09,-0.0015502462368166547
2017-06-12,-0.00012247595591929894
2017-06-13,0.00488779402800521
2017-06-14,-0.0010977015229887144
2017-06-15,-0.0018728427178524854
2017-06-16,-0.0008153822753653728
2017-06-19,0.00897340387984702
2017-06-20,-0.006529244783891386
2017-06-21,-0.0004069774133368398
2017-06-22,-0.0003255902246603881
2017-06-23,0.0010173717907351332
2017-06-26,0.0006099471455698335
2017-06-27,-0.0075545582924094745
2017-06-28,0.008440250605704414
2017-06-29,-0.008481396836982569
2017-06-30,0.0015623884704751845
2017-07-03,0.0018879777482094795
2017-07-05,0.0021300739234808574
2017-07-06,-0.009042814870921845
2017-07-07,0.006256518390764576
2017-07-10,0.0009432723838349588
2017-07-11,-0.0004920316393937085
2017-07-12,0.007477478855082431
2017-07-13,0.0015457375661540596
2017-07-14,0.004339630233038072
2017-07-17,0.00020225710011345654
2017-07-18,0.000849364149862808
2017-07-19,0.0050808318813135855
2017-07-20,0.0004825951372628978
2017-07-21,-0.0007641195036720561
2017-07-24,-0.00024142054762243959
2017-07-25,0.0023313721291602363
2017-07-26,0.0002809972066621924
2017-07-27,-0.0009235754992005241
2017-07-28,-0.0014072015058115284
2017-07-31,-0.00040232446459587123
2017-08-01,0.002130866730033709
2017-08-02,0.000521895054158783
2017-08-03,-0.001767786348333189
2017-08-04,0.0015269182344734844
2017-08-07,0.001845308849831362
2017-08-08,-0.002206723875413097
2017-08-09,-0.00020084302943690346
2017-08-10,-0.013956775583016778
2017-08-11,0.001017904854210272
2017-08-14,0.00992133416566876
2017-08-15,-8.064966501208914e-05
2017-08-16,0.0018118452664968032
2017-08-17,-0.015403604757688427
2017-08-18,-0.002249319686588258
2017-08-21,0.0013910695356527114
2017-08-22,0.009805016987647797
2017-08-23,-0.0034472500702724673
2017-08-24,-0.0018705350102727891
2017-08-25,0.0019924000923357
2017-08-28,0.000203078194841666
2017-08-29,0.0012581537331453063
2017-08-30,0.00481523598911604
2017-08-31,0.005675561808029528
2017-09-01,0.0017244571395353958
2017-09-05,-0.007198211246615571
2017-09-06,0.0033441716396627186
2017-09-07,0.0
2017-09-08,-0.0016908334862542063
2017-09-11,0.0108598557438917
2017-09-12,0.0035806830530198397
2017-09-13,0.00043674616077638007
2017-09-14,-0.00035732140163702297
2017-09-15,0.0012699030899341324
2017-09-18,0.0022581513749155846
2017-09-19,0.0009492282164478283
2017-09-20,0.0005928689802958687
2017-09-21,-0.0029280642328641804
2017-09-22,3.962504448651316e-05
2017-09-25,-0.001903783464167752
2017-09-26,0.0005744301578038957
2017-09-27,0.003900641818001205
2017-09-28,0.0010720188513770879
2017-09-29,0.0036836554156289836
2017-10-02,0.0041034108171729144
2017-10-03,0.0023597210405403857
2017-10-04,0.001295413058660877
2017-10-05,0.005789450542863506
2017-10-06,-0.0010537572645512583
2017-10-09,-0.0016803459218017736
2017-10-10,0.002578037497465324
2017-10-11,0.0014423353416539442
2017-10-12,-0.0014423353416539442
2017-10-13,0.0011307056176095287
2017-10-16,0.0016351935029756959
2017-10-17,0.0006222650476290781
2017-10-18,0.0008549744296644235
2017-10-19,0.0003884029936722655
2017-10-20,0.005112552238404788
2017-10-23,-0.003832022715768879
2017-10-24,0.0015113641881585593
2017-10-25,-0.004696358178139626
2017-10-26,0.0012052995917075648
2017-10-27,0.007972787646738588
2017-10-30,-0.0034368192152598454
2017-10-31,0.0011211761841263268
2017-11-01,0.0016215469258558102
2017-11-02,0.0005398534584664105
2017-11-03,0.003118077855718937
2017-11-06,0.0016897162627778073
2017-11-07,-0.0004989541802666864
2017-11-08,0.0017260691507257064
2017-11-09,-0.003647373227814832
2017-11-10,-0.0006925433295466021
2017-11-13,0.001115608577818783
2017-11-14,-0.002001305343944715
2017-11-15,-0.005407901213015265
2017-11-16,0.008331464708094316
2017-11-17,-0.002730893858802652
2017-11-20,0.0015779401313391617
2017-11-21,0.006477980126051719
